"TITLE","AUTHOR","ASIN/ISBN","TYPE"
"middle eastern","","","-"
"middle eastern baking","","","Amazon Suggestions"
"middle eastern cookbook","","","Amazon Suggestions"
"middle eastern cookery","","","Amazon Suggestions"
"middle eastern cookery books","","","Amazon Suggestions"
"middle eastern cooking","","","Amazon Suggestions"
"middle eastern food","","","Amazon Suggestions"
"middle eastern history","","","Amazon Suggestions"
"middle eastern vegan","","","Amazon Suggestions"
"middle eastern vegetarian cookbook","","","Amazon Suggestions"
"middle eastern accessories","","","Amazon A to Z Suggestions"
"middle eastern cookbook vegetarian","","","Amazon A to Z Suggestions"
"middle eastern decorations","","","Amazon A to Z Suggestions"
"middle eastern european style creative lace incense burner","","","Amazon A to Z Suggestions"
"middle eastern gin","","","Amazon A to Z Suggestions"
"middle eastern incense","","","Amazon A to Z Suggestions"
"middle eastern jewellery","","","Amazon A to Z Suggestions"
"middle eastern kitchen","","","Amazon A to Z Suggestions"
"middle eastern linen","","","Amazon A to Z Suggestions"
"middle eastern music","","","Amazon A to Z Suggestions"
"middle eastern novels","","","Amazon A to Z Suggestions"
"middle eastern outfit","","","Amazon A to Z Suggestions"
"middle eastern politics","","","Amazon A to Z Suggestions"
"middle eastern recipes","","","Amazon A to Z Suggestions"
"middle eastern souvenirs","","","Amazon A to Z Suggestions"
"middle eastern tableware","","","Amazon A to Z Suggestions"
"middle eastern vegetarian","","","Amazon A to Z Suggestions"
"middle eastern wall art","","","Amazon A to Z Suggestions"
"350 middle eastern main dish recipes","linda rodriguez","B08P4RLJ84","Search Results"
"the essential middle eastern cookbook","michelle anderson","1646116380","Search Results"
"the middle eastern vegetarian cookbook","salma hage","0714871303","Search Results"
"the jewelled table","bethany kehdy","1784881678","Search Results"
"the new middle eastern vegetarian","sally butcher","156656901X","Search Results"
"the arabian nights cookbook","habeeb salloum","0804846456","Search Results"
"a new book of middle eastern food","claudia roden","014046588X","Search Results"
"soframiz","ana sortun","1607749181","Search Results"
"middle eastern cookbook","mr jonathon spradlin","B08TDNNCDC","Search Results"
"new feast","greg malouf","1743795947","Search Results"
"tahini and turmeric","ruth fox","0738220108","Search Results"
"a critical political economy of the middle east and north","joel beinin","1503614476","Search Results"
"a lebanese feast of vegetables  pulses, herbs and spices","mona hamadeh","1845285794","Search Results"
"middle eastern politics and historical memory","jacob lassner","0755602099","Search Results"
"jesus through middle eastern eyes","kenneth e. bailey","0281059756","Search Results"
"persiana","sabrina ghayour","184533910X","Search Results"
"101 middle eastern tales and their impact on western oral","ulrich marzolph (author)","0814347738","Search Results"
"saffron   sumac","ghillie basan","1788791622","Search Results"
"new middle eastern street food","sally butcher","1566569583","Search Results"
"egyptian cooking","samia abdennour","9774167112","Search Results"
"eating out loud","eden grinshpan","0593135873","Search Results"
"vegan recipes from the middle east","parvin razavi","1910690376","Search Results"
"olives  lemon   za'atar","rawia bishara","0857832301","Search Results"
"international relations of the middle east","louise fawcett","0198809425","Search Results"
"the mezze cookbook","salma hage","0714876852","Search Results"
"the arabesque table","reem kassis","1838662510","Search Results"
"the greater freedom","alya mooro","154204121X","Search Results"
"honey   co","sarit packer","1911595660","Search Results"
"falastin","sami tamimi","1785038729","Search Results"
"big zuu's big eats","big zuu","178594729X","Search Results"
"zaitoun","yasmin khan","1408883848","Search Results"
"silk road vegetarian","dahlia abraham klein","0804843376","Search Results"
"art of the middle east","saeb eigner","185894628X","Search Results"
"towards inclusive societies","mitri raheb","B08WJW8WYZ","Search Results"
"the best selection of nepal recipes","valeria ray","1080864016","Search Results"
"the middle east crisis factory","iyad el baghdadi","1787383040","Search Results"
"war and conflict in the middle east and north africa","ariel i. ahram","150953282X","Search Results"
"my spiced kitchen","yaniv cohen","1624147070","Search Results"
"levant","rawia bishara","0857834177","Search Results"
"vegan meets turkish kitchen","seda dayioglu","1777009901","Search Results"
"artichoke to za'atar","greg malouf","0520254139","Search Results"
"saffron in the souks","john gregory smith","0857835777","Search Results"
"middle eastern cookery","arto der haroutunian","1906502943","Search Results"
"british somaliland","brock millman","0367868849","Search Results"
"saudi style recipes","daniel humphreys","1795178949","Search Results"
"a house with a date palm will never starve","michael rakowitz and friends","1908970499","Search Results"
"suqar","greg malouf lucy malouf","1743794134","Search Results"
"they die strangers ","mohammad abdul wali","0292705085","Search Results"
"what is iran ","arshin adib moghaddam","1108948766","Search Results"
"the universal enemy","darryl li","150361087X","Search Results"
"an edible mosaic","faith e. gorsky","0804850402","Mediterranean Food & Drink"
"the spanish  middle eastern   african cookbook","pepita aris","1844779556","Mediterranean Food & Drink"
"middle eastern cookbook","susan sam","B08SH41QSY","Mediterranean Food & Drink"
"yasou","miriam sorrell","9995708914","Mediterranean Food & Drink"
"middle eastern cookbook","susan sam","B08RX65M3L","Kosher Foods"
"israel style recipes","julia chiles","B085DTFTNW","Kosher Foods"
"the simcha cookbook","avi shemtov","1646431413","Kosher Foods"
"jerusalem","yotam ottolenghi","0091943744","Kosher Foods"
"jerusalem food","nidal kersh","1454932929","Kosher Foods"
"jew ish","cohen","035835398X","Kosher Foods"
"the book of new israeli food","janna gur","0805212248","Kosher Foods"
"sesame   spice","anne shooter","1472223608","Kosher Foods"